Haplotype,1,29,50,74,83,99,111,119,125,140
GGTCCCCCGAGGAACAACAATAAAGA,1.0e-10,1.0e-10,1.0e-10,1.0e-10,1.00031e-10,1.00006e-10,1.00013e-10,1.0e-10,1.00498e-10,0.13754
GGGTCCCCGAGCAACTACAACAGAGG,1.00017e-10,1.0e-10,1.00479e-10,1.0e-10,1.00031e-10,1.00006e-10,0.00527967,0.0923734,1.00498e-10,0.00721114
GGTCCCCTGAGGAACAGCAACAAAGA,1.0e-10,1.0e-10,0.00150026,1.0e-10,0.00353367,1.00006e-10,0.00106264,0.0691915,1.00498e-10,0.0401357
AGGCCTCCGAGAAACAATAACGAAGG,1.0e-10,1.0e-10,1.0e-10,1.0e-10,1.00031e-10,0.000160273,1.00013e-10,1.0e-10,0.152006,1.0e-10
GGGCTCCCGAGAAACAATAACAAAGG,1.00017e-10,0.00128009,1.0e-10,1.0e-10,1.00031e-10,1.00006e-10,1.00013e-10,1.0e-10,0.298677,0.000272064
GGGCCCCCGAGAAACAACAACAAAGA,0.67094,0.255767,0.0871499,0.791023,0.316293,0.516608,0.423704,0.412757,0.00636797,0.166014
AAGCCCTCGAGCAACTACAATAAAGG,1.0e-10,1.0e-10,1.0e-10,1.0e-10,1.00031e-10,1.0e-10,1.0001e-10,1.0e-10,1.00498e-10,1.0e-10
GGGCCCCCGAGAAACAATAACGAGGG,1.0e-10,1.0e-10,1.0e-10,1.0e-10,1.00031e-10,1.00006e-10,1.0001e-10,1.0e-10,0.233645,1.0e-10
GGGTCCCCGAGAAACAGCAACAAAGG,1.0e-10,1.0e-10,1.00269e-10,1.0e-10,1.00031e-10,1.0e-10,1.0001e-10,1.0e-10,1.00498e-10,0.13988
GGGTCCTCGAGAGACAACAACAAAGA,1.0e-10,1.0e-10,1.00245e-10,1.0e-10,1.00031e-10,1.00006e-10,1.00013e-10,1.0e-10,1.00498e-10,0.194477
GGGCCCCCGAGAAACTACAAGAAAGA,0.000612201,0.000276358,0.000521148,0.00121722,0.000662271,0.194634,0.144967,0.0111742,1.00498e-10,0.00122763
GGGCCCCCGAGAGACAATAACAAAGG,1.0e-10,1.0e-10,1.00269e-10,0.0374081,1.00031e-10,0.0858949,1.0001e-10,1.0e-10,1.00498e-10,1.0e-10
GGGTCCCCAAGAAACTACAAGGAAGA,1.00017e-10,1.0e-10,1.00245e-10,1.0e-10,1.00031e-10,0.000357213,1.00013e-10,1.0e-10,0.00902605,1.0e-10
GGGCCTCCGAGCAACAATAATGAAAG,1.0e-10,1.0e-10,1.00245e-10,1.0e-10,1.00031e-10,1.00006e-10,0.0006258,1.0e-10,1.00498e-10,1.0e-10
GGGCCCCCGGGAAACAGCAACAGAGA,1.0e-10,0.00549681,0.0509914,1.0e-10,1.00031e-10,1.00006e-10,1.00013e-10,1.0e-10,1.00498e-10,1.0e-10
GGGCCCCCGGGAAACTACAACAAAGA,1.0e-10,7.90971e-5,0.0220523,0.1681,0.222459,0.192338,0.0289045,0.141702,1.00498e-10,1.0e-10
GAGCCCCCGAGAAACAATAACAAAGA,1.0e-10,1.0e-10,1.00245e-10,0.00215274,0.00660956,0.00684756,0.395457,1.0e-10,0.299254,1.0e-10
GGGCCCCCGAGAAACAGCAACAAAGA,0.328008,0.73701,0.83673,1.0e-10,0.420894,0.00316011,1.00013e-10,0.272531,1.00498e-10,1.0e-10
GGTCCTCTGAGGAACTACACCAAAGA,1.0e-10,9.05985e-5,1.0e-10,9.96147e-5,1.00031e-10,1.00006e-10,1.00065e-10,0.000270304,1.00498e-10,1.0e-10
GGGCCCCCGAGAAACAACAACAAAAA,1.0e-10,1.0e-10,1.0e-10,1.0e-10,1.00031e-10,1.00006e-10,1.00013e-10,1.0e-10,1.00498e-10,0.167182
GGGCCCCTGAGCGACAGCAATGAGGG,1.0e-10,1.0e-10,0.000714312,1.0e-10,1.00031e-10,1.00006e-10,1.00013e-10,1.0e-10,1.00498e-10,1.0e-10
GGGCCCCTGAGCAACAACAACAGAGA,0.000439158,1.0e-10,0.000340904,1.0e-10,0.0295482,1.00006e-10,1.00013e-10,1.0e-10,1.00498e-10,0.146061
XXXXXXXXXXXXXXXXXXXXXXXXXX,1.0e-10,1.0e-10,1.00245e-10,1.00175e-10,1.00031e-10,1.0e-10,1.0001e-10,1.0e-10,0.00102374,1.0e-10
